date,WEBS-0001,WEBG-0001,INCZ-0001,ACTI-0024,WEBH-0001,OTHERS
2019-05-09,4,7,0,0,0,88
2019-05-10,4,7,0,0,0,95
2019-05-11,4,7,0,0,0,96
2019-05-12,4,7,0,0,0,95
2019-05-13,4,7,0,0,0,106
2019-05-14,5,9,0,0,0,109
2019-05-15,5,12,0,0,0,110
2019-05-16,5,20,0,0,0,115
2019-05-17,6,20,0,2,0,121
2019-05-18,6,20,0,2,0,135
2019-05-19,6,26,0,2,0,143
2019-05-20,6,27,0,2,0,143
2019-05-21,8,27,0,2,0,145
2019-05-22,8,32,0,2,0,149
2019-05-23,8,33,0,2,0,204
2019-05-24,8,33,0,2,0,252
2019-05-25,8,33,0,2,0,606
2019-05-26,8,34,0,2,0,1445
2019-05-27,8,34,0,2,0,1449
2019-05-28,8,34,0,2,0,2559
2019-05-29,8,34,0,2,0,2565
2019-05-30,8,34,0,2,0,2565
2019-05-31,8,35,0,2,0,2574
2019-06-01,8,35,0,2,0,2575
2019-06-02,8,35,0,2,0,2574
2019-06-03,8,35,0,2,0,2574
2019-06-04,8,35,0,2,0,2609
2019-06-05,8,35,0,2,0,2674
2019-06-06,9,35,0,2,0,2694
2019-06-07,18,35,0,2,0,2738
2019-06-08,22,36,0,2,0,2751
2019-06-09,22,36,0,2,0,2766
2019-06-10,24,36,0,2,0,2791
2019-06-11,27,35,0,2,0,2810
2019-06-12,36,35,0,2,0,2859
2019-06-13,67,35,0,2,0,2892
2019-06-14,80,34,0,2,0,2924
2019-06-15,83,34,0,3,0,2955
2019-06-16,85,34,0,3,0,2960
2019-06-17,86,34,0,3,0,2967
2019-06-18,87,34,0,3,0,3034
2019-06-19,108,34,0,3,0,3069
2019-06-20,108,34,0,3,0,3113
2019-06-21,115,34,0,3,0,3147
2019-06-22,115,35,0,3,0,3177
2019-06-23,119,35,0,3,0,3196
2019-06-24,120,36,0,3,0,3227
2019-06-25,119,37,0,3,0,3275
2019-06-26,110,37,0,3,0,3342
2019-06-27,113,37,0,3,0,3376
2019-06-28,114,37,0,3,0,3402
2019-06-29,115,37,0,3,0,3427
2019-06-30,124,37,0,3,0,3433
2019-07-01,124,37,0,3,0,3447
2019-07-02,124,38,0,3,0,3504
2019-07-03,134,38,0,3,0,3550
2019-07-04,152,38,0,4,0,3567
2019-07-05,152,38,0,4,0,3597
2019-07-06,153,38,0,4,0,3621
2019-07-07,153,38,0,4,0,3616
2019-07-08,152,38,0,4,0,3632
2019-07-09,154,38,0,5,0,3688
2019-07-10,156,38,0,5,0,3746
2019-07-11,156,40,0,3,0,3801
2019-07-12,159,40,0,3,0,3828
2019-07-13,158,40,0,3,0,3871
2019-07-14,157,40,0,3,0,3883
2019-07-15,158,40,0,3,0,3911
2019-07-16,160,40,0,3,0,3958
2019-07-17,161,40,0,3,0,3999
2019-07-18,161,40,0,3,0,4051
2019-07-19,165,40,0,3,0,4540
2019-07-20,177,40,0,3,0,4575
2019-07-21,179,40,0,3,0,4587
2019-07-22,180,40,0,3,0,4607
2019-07-23,178,40,0,4,0,4665
2019-07-24,179,41,0,4,0,4688
2019-07-25,183,43,0,4,0,4709
2019-07-26,182,43,0,3,0,4742
2019-07-27,182,43,0,3,0,4791
2019-07-28,183,43,0,3,0,4806
2019-07-29,183,43,0,3,0,4821
2019-07-30,183,43,0,3,0,4863
2019-07-31,183,43,0,3,0,4912
2019-08-01,183,43,0,3,0,4939
2019-08-02,185,43,0,4,0,4990
2019-08-04,187,43,0,4,0,5018
2019-08-05,187,43,0,4,0,5034
2019-08-06,188,44,0,4,0,5075
2019-08-07,187,44,0,4,0,5125
2019-08-08,189,44,0,4,0,5161
2019-08-09,190,45,0,4,0,5206
2019-08-10,191,45,0,4,0,5226
2019-08-11,193,45,0,4,0,5235
2019-08-12,195,45,0,4,0,5268
2019-08-13,216,45,0,4,0,5319
2019-08-14,217,45,0,4,0,5348
2019-08-15,218,45,0,4,0,5377
2019-08-16,219,45,0,4,0,5398
2019-08-17,219,45,0,4,0,5424
2019-08-18,220,45,0,4,0,5436
2019-08-19,222,45,0,4,0,5461
2019-08-20,223,46,0,6,0,5512
2019-08-21,223,46,0,6,0,5553
2019-08-22,224,46,0,6,0,5611
2019-08-23,225,46,0,6,0,5655
2019-08-24,230,46,0,5,0,5688
2019-08-25,230,46,0,5,0,5703
2019-08-26,230,46,0,5,0,5743
2019-08-27,233,47,0,5,0,5808
2019-08-28,245,47,0,5,0,5874
2019-08-29,248,47,0,5,0,5900
2019-08-30,246,47,0,6,0,5936
2019-08-31,247,48,0,6,0,5987
2019-09-01,247,49,0,6,0,6006
2019-09-02,248,49,0,6,0,6038
2019-09-03,248,50,0,6,0,6100
2019-09-04,254,51,0,6,0,6160
2019-09-05,259,53,0,6,0,6219
2019-09-06,259,54,0,6,0,6272
2019-09-07,260,54,0,6,0,6295
2019-09-08,260,54,0,6,0,6308
2019-09-09,260,54,0,6,0,6341
2019-09-10,260,54,0,6,0,6377
2019-09-11,260,54,0,6,0,6427
2019-09-12,259,54,0,6,0,6470
2019-09-13,259,54,0,6,0,6519
2019-09-14,260,54,0,7,0,6561
2019-09-15,259,54,0,7,0,6577
2019-09-16,259,55,0,7,0,6614
2019-09-17,259,55,0,7,0,6667
2019-09-18,259,55,0,7,0,6711
2019-09-19,262,56,0,7,0,6762
2019-09-20,263,56,0,7,0,6790
2019-09-21,264,56,0,7,0,6824
2019-09-22,289,56,0,7,0,6838
2019-09-23,290,57,0,7,0,6859
2019-09-24,291,57,0,7,0,6920
2019-09-25,293,57,0,7,0,6963
2019-09-26,294,57,0,7,0,7004
2019-09-27,294,57,0,7,0,7043
2019-09-28,293,57,0,7,0,7078
2019-09-29,294,57,0,7,0,7092
2019-09-30,294,57,0,7,0,7110
2019-10-01,295,58,0,7,0,7153
2019-10-02,294,64,0,7,0,7220
2019-10-03,297,66,0,7,0,7270
2019-10-04,305,66,0,7,0,7319
2019-10-05,335,66,0,7,0,7396
2019-10-06,341,67,0,7,0,7422
2019-10-07,345,67,0,7,0,7473
2019-10-08,352,129,0,7,0,7537
2019-10-09,354,228,0,7,0,7585
2019-10-10,359,294,0,7,0,7638
2019-10-11,366,357,0,7,0,7686
2019-10-12,366,414,0,9,0,7774
2019-10-13,366,426,0,9,0,7789
2019-10-14,368,464,0,9,0,7837
2019-10-15,372,545,0,9,0,7894
2019-10-16,375,625,0,8,0,7951
2019-10-17,375,700,0,6,0,8005
2019-10-18,376,759,0,6,0,8046
2019-10-19,377,807,0,6,0,8100
2019-10-20,378,819,0,6,0,8121
2019-10-21,378,834,0,6,0,8156
2019-10-22,589,905,0,6,0,8205
2019-10-23,590,984,0,6,0,8247
2019-10-24,590,1037,0,6,0,8277
2019-10-25,589,1115,0,6,0,8318
2019-10-26,588,1157,0,6,0,8355
2019-10-27,587,1171,0,6,0,8370
2019-10-28,587,1182,0,6,0,8388
2019-10-29,2546,1261,0,6,0,8385
2019-10-30,2968,1334,0,6,0,8414
2019-10-31,3318,1398,0,6,0,8443
2019-11-01,3595,1466,0,6,0,8472
2019-11-02,3713,1475,0,6,0,8491
2019-11-03,3811,1487,0,6,0,8488
2019-11-04,3977,1495,0,6,0,8510
2019-11-05,8587,1559,0,6,0,8458
2019-11-06,12091,1612,0,7,0,8423
2019-11-07,16976,1666,0,6,0,8349
2019-11-08,19238,1718,0,7,0,8320
2019-11-09,19468,1771,0,7,0,8339
2019-11-10,19565,1783,0,7,0,8344
2019-11-11,19722,1806,0,7,0,8347
2019-11-12,20158,1881,0,7,0,8367
2019-11-13,20860,1941,0,7,0,8382
2019-11-14,21142,1972,0,7,0,8783
2019-11-15,21386,2040,0,7,0,8815
2019-11-16,21611,2096,0,7,0,8826
2019-11-17,21663,2110,0,7,0,8828
2019-11-18,21821,2119,0,7,0,8848
2019-11-19,22490,2173,0,7,0,8896
2019-11-20,25048,2219,0,7,0,8872
2019-11-21,31359,2257,0,7,0,8769
2019-11-22,35513,2278,0,7,0,8703
2019-11-23,37617,2339,0,7,0,8674
2019-11-24,37632,2352,0,7,0,8682
2019-11-25,37784,2352,0,7,0,8673
2019-11-26,41831,2334,0,7,0,8602
2019-11-27,45537,2370,0,6,0,8558
2019-11-28,48478,2416,0,8,0,8518
2019-11-29,52893,2449,0,8,0,8444
2019-11-30,55287,2477,0,8,0,8394
2019-12-01,55283,2497,0,7,0,8401
2019-12-02,55345,2507,0,7,0,8415
2019-12-03,59351,2503,0,6,0,8377
2019-12-04,63596,2545,0,6,0,8328
2019-12-05,66568,2575,0,6,0,8253
2019-12-07,73825,2619,0,6,0,8246
2019-12-08,73828,2623,0,6,0,8295
2019-12-09,73841,2630,0,6,0,8354
2019-12-10,74020,2642,0,6,0,8376
2019-12-11,74137,2693,0,6,0,8398
2019-12-12,74539,2743,0,6,0,8422
2019-12-13,74979,2785,0,6,0,8433
2019-12-14,75362,2826,0,6,0,8461
2019-12-15,75336,2851,0,6,0,8461
2019-12-16,75348,2861,0,6,0,8472
2019-12-17,75626,2885,0,6,0,8497
2019-12-18,75751,2955,0,6,0,8514
2019-12-19,76091,3009,0,5,0,8522
2019-12-20,76371,3048,0,5,0,8534
2019-12-21,76401,3095,0,5,0,8560
2019-12-22,76376,3117,0,5,0,8582
2019-12-23,76392,3121,0,5,0,8586
2019-12-24,76558,3129,0,5,0,8595
2019-12-25,76965,3166,0,5,0,8594
2019-12-26,77359,3166,0,5,0,8589
2019-12-27,77836,3171,0,5,0,8589
2019-12-28,78157,3181,0,5,0,8591
2019-12-29,78311,3228,0,5,0,8603
2019-12-30,78368,3238,0,5,0,8605
2019-12-31,78635,3264,0,5,0,8612
2020-01-01,78988,3317,0,5,0,8618
2020-01-02,79575,3347,0,5,0,8613
2020-01-03,80214,3366,0,5,0,8622
2020-01-04,80868,3404,0,6,0,8619
2020-01-05,81091,3806,0,41,0,11892
2020-01-06,81451,3819,0,41,0,11896
2020-01-07,81542,3835,0,42,0,11919
2020-01-08,81576,3868,0,41,0,11934
2020-01-09,81596,3977,0,41,0,11958
2020-01-10,81611,4131,0,41,0,11995
2020-01-11,81611,4232,0,41,0,12030
2020-01-12,81583,4302,0,41,0,12040
2020-01-13,81575,4305,0,41,0,12086
2020-01-14,81647,4343,0,40,0,12116
2020-01-15,81628,4454,0,40,0,12142
2020-01-16,81568,4532,0,40,0,12164
2020-01-17,81523,4615,0,40,0,12187
2020-01-18,81486,4687,0,40,0,12206
2020-01-19,81417,4745,0,40,0,12220
2020-01-20,81396,4751,0,40,0,12238
2020-01-21,81363,4783,0,40,0,12274
2020-01-22,81310,4897,0,40,0,12335
2020-01-23,81265,5000,0,40,0,12380
2020-01-24,81221,5075,0,40,0,12413
2020-01-25,81189,5164,0,40,0,12436
2020-01-26,81137,5213,0,39,0,12438
2020-01-27,81075,5222,0,39,0,12451
2020-01-28,81048,5266,0,39,0,12509
2020-01-29,81025,5340,0,39,0,12515
2020-01-30,80978,5425,0,39,0,12528
2020-01-31,80910,5481,0,39,0,12617
2020-02-01,80868,5565,0,39,0,12644
2020-02-02,80817,5618,0,39,0,12668
2020-02-03,80780,5631,0,39,0,12680
2020-02-04,80755,5654,0,39,0,12701
2020-02-05,80681,5737,0,40,0,12726
2020-02-06,80599,5829,0,40,0,12741
2020-02-07,80634,5901,0,40,0,12805
2020-02-08,80645,5963,0,40,0,12827
2020-02-09,80645,5997,0,40,0,12841
2020-02-10,80700,6007,0,40,0,12860
2020-02-11,80830,6033,0,40,0,12899
2020-02-12,80964,6128,0,40,0,12932
2020-02-13,81523,6214,0,40,0,12928
2020-02-14,81694,6284,0,40,0,12938
2020-02-15,81739,6332,0,40,0,12958
2020-02-17,81736,6404,0,40,0,12983
2020-02-18,81871,6430,0,40,0,13009
2020-02-19,81897,6538,0,40,0,13027
2020-02-20,81945,6613,0,40,0,13041
2020-02-21,82177,6678,0,40,0,13074
2020-02-22,82176,6729,0,40,0,13101
2020-02-23,82147,6785,0,40,0,13108
2020-02-24,82442,6790,0,40,0,13109
2020-02-25,82471,6830,0,40,0,13123
2020-02-26,82495,6929,0,42,0,13149
2020-02-27,82521,7006,0,42,0,13166
2020-02-28,82560,7075,0,44,0,13179
2020-02-29,82607,7144,0,44,0,13205
2020-03-01,82626,7219,0,44,0,13218
2020-03-02,82602,7226,0,44,0,13224
2020-03-03,82664,7267,0,45,0,13234
2020-03-04,82713,7340,0,45,0,13256
2020-03-05,82742,7413,0,45,0,13277
2020-03-06,82781,7489,0,45,0,13296
2020-03-07,82791,7566,0,46,0,13324
2020-03-08,82760,7620,0,46,0,13325
2020-03-09,82732,7634,0,46,0,13345
2020-03-10,82809,7655,0,46,0,13367
2020-03-11,82845,7736,0,46,0,13399
2020-03-12,82878,7819,0,46,0,13420
2020-03-13,82899,7865,0,46,0,13439
2020-03-14,82901,7924,0,46,0,13460
2020-03-15,82883,7962,0,46,0,13468
2020-03-16,82864,7981,0,46,0,13483
2020-03-17,82887,7998,0,46,0,13505
2020-03-18,82931,8063,0,46,0,13521
2020-03-19,82956,8155,0,46,0,13537
2020-03-20,82981,8225,0,46,0,13546
2020-03-21,83012,8287,1,46,0,13549
2020-03-22,82972,8322,1,47,0,13575
2020-03-23,82970,8331,1,48,0,13594
2020-03-24,83043,8352,1,49,0,13631
2020-03-25,83085,8449,1,49,0,13660
2020-03-26,83146,8517,1,49,0,13688
2020-03-27,83203,8580,1,49,0,13711
2020-03-28,83234,8623,1,49,0,13730
2020-03-29,83241,8660,1,48,0,13749
2020-03-30,83223,8665,1,49,0,13769
2020-03-31,83285,8684,1,49,0,13822
2020-04-01,83334,8753,1,49,0,13851
2020-04-02,83356,8824,1,50,0,13868
2020-04-03,83410,8859,1,50,0,13912
2020-04-04,83426,8911,1,50,0,13940
2020-04-05,83431,8946,1,50,0,13955
2020-04-06,83420,8952,1,50,0,13972
2020-04-07,83456,8987,1,51,0,14006
2020-04-08,83488,9069,1,52,0,14041
2020-04-09,83514,9124,1,51,0,14068
2020-04-10,83542,9177,1,50,0,14096
2020-04-11,83521,9227,1,50,0,14099
2020-04-12,83492,9232,1,50,0,14115
2020-04-13,83471,9240,1,50,0,14136
2020-04-14,83458,9251,1,50,0,14151
2020-04-15,83540,9286,1,50,0,14196
2020-04-16,83596,9377,1,50,0,14221
2020-04-17,83618,9461,1,51,0,14246
2020-04-18,83625,9516,1,51,0,14271
2020-04-19,83598,9561,1,51,0,14279
2020-04-20,83626,9569,1,51,0,14307
2020-04-21,83699,9601,1,51,0,14341
2020-04-22,83731,9701,1,51,0,14366
2020-04-23,83769,9773,1,51,0,14390
2020-04-24,83809,9843,1,52,0,14415
2020-04-25,83829,9913,1,52,0,14451
2020-04-26,83807,9952,1,54,0,14461
2020-05-22,84264,11263,1,58,0,15010
2020-05-23,84278,11276,1,58,0,15027
2020-05-24,84260,11318,1,58,0,15041
2020-05-25,84295,11328,1,58,0,15044
2020-05-26,84347,11342,1,59,0,15081
2020-05-27,84391,11445,1,59,0,15096
2020-05-28,84408,11524,1,59,0,15116
2020-05-29,84423,11574,1,59,0,15123
2020-05-30,84437,11637,1,59,0,15135
2020-05-31,84403,11681,1,59,0,15142
2020-06-01,84392,11696,1,60,0,15136
2020-06-02,84458,11717,1,59,0,15168
2020-06-03,84490,11809,1,60,0,15181
2020-06-04,84539,11876,1,61,0,15201
2020-06-05,84559,11934,1,62,0,15219
2020-06-06,84580,11992,1,62,0,15262
2020-06-07,84563,12028,1,62,0,15261
2020-06-08,84522,12042,1,62,0,15276
2020-06-09,84556,12069,1,63,0,15344
2020-06-10,84606,12153,1,63,0,15347
2020-06-11,84637,12215,1,63,0,15364
2020-06-12,84687,12270,1,64,0,15367
2020-06-13,84676,12326,1,64,0,15388
2020-06-14,84661,12363,1,64,0,15387
2020-06-15,84641,12369,2,64,0,15395
2020-06-16,84687,12383,2,65,0,15422
2020-06-17,84732,12454,2,67,0,15462
2020-06-18,84766,12497,2,67,0,15503
2020-06-19,84796,12563,2,66,0,15610
2020-06-20,84792,12610,2,66,0,15637
2020-06-21,84755,12649,2,66,0,15640
2020-06-22,84749,12658,2,66,0,15645
2020-06-23,84794,12681,2,66,0,15673
2020-06-24,84835,12744,2,66,0,15686
2020-06-25,84892,12795,2,69,0,15694
2020-06-26,84916,12830,2,69,0,15705
2020-06-27,84927,12878,2,68,0,15717
2020-06-28,84886,12901,2,68,0,15716
2020-06-29,84837,12904,2,68,0,15721
2020-06-30,84895,12921,2,69,0,15742
2020-07-01,84936,12968,7907,70,0,7864
2020-07-02,84951,13022,7920,70,0,7866
2020-07-03,84977,13065,7924,70,0,7872
2020-07-04,85005,13110,7930,70,0,7867
2020-07-05,84984,13131,7934,70,0,7871
2020-07-06,84985,13140,7934,70,0,7875
2020-07-07,85018,13166,7939,70,0,7884
2020-07-08,85078,13226,7959,70,0,7888
2020-07-09,85122,13267,7970,71,0,7893
2020-07-10,85121,13308,7984,72,0,7891
2020-07-11,85132,13338,7987,72,0,7895
2020-07-12,85053,13365,7987,72,0,7894
2020-07-13,85046,13375,7985,72,0,7903
2020-07-14,85125,13405,7985,73,0,7912
2020-07-15,85179,13452,7989,72,0,7926
2020-07-16,85202,13493,7989,72,0,7928
2020-07-17,85223,13538,7990,70,0,7931
2020-07-18,85218,13568,7987,70,0,7931
2020-07-19,85319,13607,7984,70,0,7929
2020-07-20,85322,13614,7979,72,0,7924
2020-07-21,85415,13641,7991,72,0,7939
2020-07-22,85400,13704,8002,71,0,7963
2020-07-23,85427,13702,8001,72,0,7974
2020-07-24,85498,13700,8000,73,0,8026
2020-07-25,85528,13702,8003,73,0,8074
2020-07-26,85510,13703,8006,73,0,8081
2020-07-27,85655,13700,8000,73,0,8088
2020-07-28,85770,13703,8006,74,0,8095
2020-07-29,85840,13702,8022,74,0,8100
2020-07-31,85839,13712,8026,74,0,8113
2020-08-01,85843,13713,8021,73,0,8115
2020-08-02,85770,13710,8020,73,0,8120
2020-08-03,85745,13711,8022,73,0,8120
2020-08-04,85827,13714,8038,73,0,8128
2020-08-05,85890,13718,8051,73,0,8135
2020-08-06,85908,13719,8056,74,0,8131
2020-08-07,85926,13722,8055,74,0,8133
2020-08-08,85951,13727,8063,75,0,8138
2020-08-09,85920,13728,8060,75,0,8133
2020-08-10,85912,13728,8057,75,0,8134
2020-08-11,85962,13733,8057,75,0,8141
2020-08-12,86001,13737,8066,75,0,8142
2020-08-13,86041,13737,8070,73,0,8149
2020-08-14,86038,13740,8082,72,0,8157
2020-08-15,86046,13741,8088,72,0,8148
2020-08-16,86002,13737,8088,73,0,8143
2020-08-17,85985,13733,8095,73,0,8146
2020-08-18,86040,13738,8117,73,0,8158
2020-08-19,86063,13739,8122,72,0,8158
2020-08-20,86076,13743,8123,72,0,8164
2020-08-21,86091,13748,8139,71,0,8168
2020-08-22,86115,13743,8136,71,0,8181
2020-08-23,86067,13740,8137,71,0,8181
2020-08-24,86015,13739,8128,71,0,8190
2020-08-25,86056,13740,8139,71,0,8194
2020-08-26,86110,13744,8141,71,0,8199
2020-08-27,86152,13742,8155,72,0,8195
2020-08-28,86164,13739,8158,74,0,8205
2020-08-29,86116,13743,8159,73,0,8204
2020-08-30,86089,13741,8144,73,0,8465
2020-08-31,86063,13742,8139,73,0,8470
2020-09-01,86111,13743,8154,73,0,8472
2020-09-02,86142,13743,8162,73,0,8474
2020-09-03,86149,13746,8167,76,0,8483
2020-09-04,86178,13747,8182,76,0,8483
2020-09-15,86231,13766,8198,77,0,8579
2020-09-16,86250,13770,8206,77,0,8556
2020-09-17,86283,13771,8202,77,0,8547
2020-09-18,86310,13771,8209,78,0,8549
2020-09-19,86351,13766,8228,78,0,8601
2020-09-20,86354,13760,8236,78,0,8723
2020-09-21,86343,13755,8238,79,0,8853
2020-09-22,86399,13748,8240,79,0,8931
2020-09-23,86428,13751,8257,79,0,9035
2020-09-24,86451,13743,8260,79,0,9320
2020-09-25,86487,13745,8270,80,0,9420
2020-09-26,86497,13749,8284,81,0,9445
2020-09-27,86479,13754,8285,81,0,9460
2020-09-28,86461,13755,8277,82,0,9493
2020-09-29,86534,13754,8281,82,0,9529
2020-09-30,86595,13762,8294,83,0,9564
2020-10-01,86630,13762,8307,82,0,9554
2020-10-02,86665,13764,8313,82,0,9582
2020-10-03,86674,13763,8319,82,0,9583
2020-10-04,86630,13767,8320,82,0,9576
2020-10-05,86586,13760,8319,82,0,9576
2020-10-06,86639,13759,8317,80,0,9605
2020-10-07,86679,13763,8337,80,0,9609
2020-10-08,86700,13762,8348,79,0,9621
2020-10-09,86682,13764,8347,79,0,9633
2020-10-10,86684,13768,8357,80,0,9645
2020-10-11,86662,13765,8356,80,0,9642
2020-10-12,86646,13765,8357,80,0,9635
2020-10-13,86736,13763,8384,80,0,9646
2020-10-14,86789,13764,8401,80,0,9659
2020-10-15,86799,13762,8396,80,0,9663
2020-10-16,86834,13756,8400,79,0,9667
2020-10-17,86852,13755,8406,79,0,9691
2020-10-18,86836,13756,8406,79,0,9694
2020-10-19,86818,13750,8400,79,0,9699
2020-10-20,86852,13752,8408,79,0,9710
2020-10-21,86975,13747,8411,79,0,9720
2020-10-22,86999,13751,8417,79,0,9725
2020-10-23,87025,13755,8423,79,0,9734
2020-10-24,87031,13757,8423,79,0,9748
2020-10-25,87009,13753,8426,79,0,9741
2020-10-26,86984,13752,8423,79,0,9751
2020-10-27,87033,13752,8440,80,0,9753
2020-10-28,87109,13750,8456,80,0,9763
2020-10-30,87199,13747,8481,79,0,9799
2020-10-31,87262,13755,8485,79,0,9821
2020-11-01,87243,13752,8484,79,0,9823
2020-11-02,87257,13746,8491,79,0,9822
2020-11-03,87324,13736,8510,79,0,9825
2020-11-04,87377,13736,8506,79,0,9830
2020-11-05,87437,13733,8502,78,0,9835
2020-11-06,87511,13732,8507,79,0,9844
2020-11-07,87596,13735,8518,80,0,9853
2020-11-08,87592,13732,8507,80,0,9851
2020-11-09,87580,13723,8527,80,0,9856
2020-11-10,87633,13716,8539,80,0,9866
2020-11-11,87695,13713,8560,80,0,9867
2020-11-12,87747,13700,8560,80,0,9871
2020-11-13,87788,13696,8574,83,0,9873
2020-11-14,87815,13697,8577,83,0,9876
2020-11-15,87794,13696,8578,83,0,9882
2020-11-16,87784,13690,8582,83,0,9892
2020-11-17,87838,13688,8594,84,0,9905
2020-11-18,87865,13692,8594,84,0,9912
2020-11-19,87925,13679,8599,84,0,9919
2020-11-20,87971,13696,8603,84,0,9932
2020-11-21,88026,13691,8604,84,0,9939
2020-11-22,88028,13696,8601,84,0,9939
2020-11-23,88022,13684,8596,84,0,9940
2020-11-24,88076,13684,8617,84,0,9951
2020-11-25,88117,13697,8642,83,0,9952
2020-11-26,88133,13699,8655,83,0,9963
2020-11-27,88158,13686,8665,83,0,9998
2020-11-28,88177,13691,8671,83,0,9985
2020-11-29,88201,13687,8671,83,0,9985
2020-11-30,88192,13681,8681,83,0,9986
2020-12-01,88237,13683,8696,83,0,10004
2020-12-02,88297,13681,8705,83,0,10008
2020-12-03,88360,13680,8707,83,0,10017
2020-12-04,88373,13680,8711,85,0,10017
2020-12-05,88402,13684,8726,84,0,9991
2020-12-06,88388,13686,8723,84,0,9982
2020-12-07,88390,13680,8731,84,0,9989
2020-12-08,88417,13685,8746,84,0,10003
2020-12-09,88453,13683,8753,84,0,10014
2020-12-10,88496,13683,8773,84,0,10015
2020-12-11,88532,13690,8786,84,0,10020
2020-12-12,88552,13686,8790,84,0,10024
2020-12-13,88554,13687,8788,84,0,10019
2020-12-14,88537,13686,8788,84,0,10023
2020-12-15,88589,13678,8803,83,0,10040
2020-12-16,88628,13688,8811,83,0,10051
2020-12-17,88673,13693,8815,83,0,10085
2020-12-18,88707,13696,8816,83,0,10088
2020-12-19,88731,13694,8827,83,0,10089
2020-12-20,88748,13699,8842,83,0,10078
2020-12-21,88719,13694,8852,83,0,10084
2020-12-22,88778,13690,8863,83,0,10091
2020-12-23,88820,13694,8872,83,0,10099
2021-01-08,89183,13687,8991,84,0,10169
2021-01-09,89220,13687,8998,84,0,10169
2021-01-10,89220,13693,8996,83,0,10166
2021-01-11,89204,13687,9002,84,0,10167
2021-01-12,89253,13685,9013,83,0,10175
2021-01-13,89322,13677,9017,83,0,10185
2021-01-14,89400,13681,9020,83,0,10189
2021-01-18,89455,13676,9039,81,0,10193
2021-01-19,89529,13668,9055,82,0,10202
2021-01-20,89584,13663,9077,82,0,10218
2021-01-21,89653,13667,9085,82,0,10220
2021-01-22,89707,13672,9098,82,0,10199
2021-01-23,89728,13672,9106,83,0,10206
2021-01-24,89717,13660,9094,83,0,10208
2021-01-25,89720,13652,9101,83,0,10206
2021-01-26,89788,13640,9117,84,0,10230
2021-01-27,89840,13636,9141,84,0,10242
2021-01-28,89927,13635,9156,84,0,10244
2021-01-29,89967,13622,9189,84,0,10253
2021-01-30,90012,13618,9200,83,0,10254
2021-01-31,90034,13617,9207,83,0,10264
2021-02-01,90033,13607,9218,83,0,10253
2021-02-02,90111,13601,9229,83,0,10274
2021-02-03,90195,13611,9241,83,0,10303
2021-02-04,90257,13609,9265,83,0,10306
2021-02-05,90341,13602,9275,83,0,10317
2021-02-06,90384,13605,9287,83,0,10329
2021-02-07,90386,13600,9295,83,0,10334
2021-02-08,90387,13594,9300,84,0,10339
2021-02-09,90493,13585,9328,84,0,10355
2021-02-10,90526,13584,9345,83,0,10360
2021-02-11,90582,13592,9354,83,0,10365
2021-02-12,90619,13594,9361,83,0,10379
2021-02-13,90673,13596,9366,82,0,10399
2021-02-14,90652,13597,9373,82,0,10409
2021-02-15,90648,13585,9373,82,0,10419
2021-02-16,90717,13575,9391,83,0,10442
2021-02-17,90799,13573,9406,83,0,10457
2021-02-18,90821,13569,9422,83,0,10463
2021-02-19,90888,13568,9438,84,0,10481
2021-02-20,90946,13568,9454,84,0,10487
2021-02-21,90935,13565,9459,85,0,10474
2021-02-22,90911,13559,9470,85,0,10478
2021-02-23,90964,13544,9501,86,0,10489
2021-02-24,91015,13545,9507,87,0,10494
2021-02-25,91067,13538,9512,87,0,10506
2021-02-26,91077,13530,9516,87,0,10517
2021-02-27,91115,13523,9532,88,0,10520
2021-02-28,91124,13510,9535,88,0,10528
2021-03-01,91102,13506,9542,87,0,10534
2021-03-02,91142,13499,9549,85,0,10542
2021-03-03,91169,13495,9576,85,0,10543
2021-03-04,91214,13503,9589,85,0,10544
2021-03-05,91272,13502,9594,85,0,10538
2021-03-06,91313,13494,9602,85,0,10550
2021-03-07,91292,13486,9616,85,0,10543
2021-03-08,91298,13481,9628,85,0,10536
2021-03-09,91419,13476,9644,85,0,10558
2021-03-10,91457,13478,9657,85,0,10566
2021-03-11,91510,13470,9660,87,0,10570
2021-03-12,91552,13378,9665,87,0,10572
2021-03-13,91573,13377,9675,87,0,10579
2021-03-14,91595,13376,9671,87,0,10662
2021-03-15,91617,13364,9679,87,0,10663
2021-03-16,91703,13368,9685,87,0,10657
2021-03-17,91762,13368,9695,87,0,10668
2021-03-18,91833,13361,9700,87,0,10678
2021-03-19,91891,13360,9715,89,0,10680
2021-03-20,91916,13371,9733,88,0,10694
2021-03-21,91887,13366,9744,88,0,10697
2021-03-22,91853,13357,9743,88,0,10706
2021-03-23,91932,13356,9768,88,0,10726
2021-03-24,91967,13349,9775,91,0,10716
2021-03-25,91989,13350,9778,90,0,10720
2021-03-26,91980,13343,9796,91,0,10730
2021-03-27,91972,13340,9804,91,0,10752
2021-03-28,91942,13328,9805,92,0,10756
2021-03-29,91931,13328,9809,92,0,10752
2021-03-30,92010,13330,9814,91,0,10774
2021-03-31,92047,13326,9803,88,0,10840
2021-04-01,92083,13326,9803,92,0,10838
2021-04-02,92096,13326,9803,91,0,10861
2021-04-03,92064,13326,9789,91,0,10893
2021-04-04,92041,13323,9792,91,0,10889
2021-04-05,92024,13315,9793,91,0,10880
2021-04-06,92006,13303,9809,90,0,10886
2021-04-07,92103,13301,9835,90,0,10899
2021-04-08,92156,13296,9845,90,0,10906
2021-04-09,92206,13292,9849,103,0,10906
2021-04-10,92253,13286,9850,105,0,10905
2021-04-11,92247,13283,9862,105,0,10902
2021-04-12,92255,13273,9864,105,0,10907
2021-04-13,92302,13263,9876,105,0,10903
2021-04-14,92367,13263,9889,105,0,10901
2021-04-15,92416,13269,9882,105,0,10898
2021-04-16,92445,13269,9891,105,0,10908
2021-04-17,92494,13268,9892,104,0,10905
2021-04-18,92511,13270,9897,104,0,10895
2021-04-19,92501,13267,9902,104,0,10899
2021-04-20,92543,13262,9908,105,0,10917
2021-04-21,92586,13259,9923,106,0,10914
2021-04-22,92623,13250,9920,106,0,10910
2021-04-23,92673,13248,9921,106,0,10907
2021-04-24,92707,13251,9924,106,0,10914
2021-04-25,92689,13242,9917,107,0,10929
2021-04-26,92691,13237,9915,106,0,10927
2021-04-27,92740,13238,9923,104,0,10938
2021-04-28,92773,13241,9929,103,0,10931
2021-04-29,92845,13233,9936,103,0,10923
2021-04-30,92894,13228,9946,103,0,10920
2021-05-01,92906,13223,9951,103,0,10925
2021-05-02,92899,13224,9953,103,0,10923
2021-05-03,92878,13220,9951,103,0,10931
2021-05-04,92932,13205,9956,104,0,10944
2021-05-05,92988,13196,9966,104,0,10960
2021-05-06,93045,13195,9978,104,0,10964
2021-05-07,93069,13189,9983,104,0,10973
2021-05-08,93129,13189,9993,104,0,10996
2021-05-09,93127,13189,9994,104,0,11010
2021-05-10,93094,13188,10003,104,0,11021
2021-05-11,93134,13185,10024,104,0,11033
2021-05-12,93160,13191,10040,104,0,11033
2021-05-13,93204,13183,10040,104,0,11038
2021-05-14,93221,13182,10051,104,0,11038
2021-05-15,93230,13179,10065,104,0,11040
2021-05-16,93205,13176,10066,104,0,11042
2021-05-17,93203,13171,10075,104,0,11046
2021-05-18,93301,13155,10080,105,0,11061
2021-05-19,93349,13155,10089,104,0,11079
2021-05-20,93396,13167,10086,104,0,11079
2021-05-21,93442,13166,10090,104,0,11083
2021-05-22,93474,13162,10085,104,0,11083
2021-05-23,93436,13150,10087,104,0,11096
2021-05-24,93437,13141,10092,105,0,11096
2021-05-25,93487,13141,10106,106,0,11138
2021-05-26,93519,13148,10122,106,0,11165
2021-05-27,93548,13154,10136,106,0,11169
2021-05-28,93564,13157,10143,106,0,11176
2021-05-29,93584,13166,10151,106,0,11188
2021-05-30,93563,13159,10150,106,0,11266
2021-05-31,93541,13152,10148,106,0,11418
2021-06-01,93556,13146,10155,106,0,11578
2021-06-02,93584,13149,10161,106,0,11911
2021-06-03,93593,13146,10159,105,0,12319
2021-06-04,93589,13129,10171,105,0,12622
2021-06-27,92872,13013,10071,252,0,28481
2021-06-28,92868,13009,10076,253,0,28594
2021-06-29,92464,12973,10043,17001,0,29905
2021-06-30,92493,12958,10045,17005,0,30078
2021-07-01,92505,12959,10048,17003,0,30069
2021-07-02,92514,12959,10053,17013,0,30092
2021-07-03,92522,12957,10062,17021,0,30087
2021-07-04,92505,12955,10053,17016,0,30079
2021-07-05,92505,12946,10052,17018,0,30078
2021-07-06,92533,12944,10057,17014,0,30088
2021-07-07,92568,12938,10072,17023,0,30139
2021-07-08,92591,12942,10078,17023,0,30910
2021-07-09,92617,12934,10076,17019,0,30987
2021-07-10,92602,12940,10064,17020,0,30987
2021-07-11,92577,12931,10056,17008,0,30979
2021-07-12,92566,12927,10053,16980,0,30980
2021-07-13,92618,12932,10061,16982,0,30991
2021-07-14,92646,12941,10066,16992,0,31009
2021-07-15,92685,12944,10073,16999,0,31016
2021-07-16,92724,12951,10076,17004,0,31017
2021-07-17,92722,12951,10080,17013,0,31027
2021-07-18,92706,12950,10072,17007,0,31022
2021-07-19,92558,12951,10062,17010,0,31019
2021-07-20,92611,12955,10052,17006,0,30995
2021-07-21,92621,12947,10051,17010,0,30996
2021-07-22,92663,12957,10054,17009,0,30998
2021-07-23,92695,12958,10054,17007,0,30994
2021-07-24,92676,12950,10064,17006,0,30984
2021-07-25,92657,12954,10060,17007,0,30981
2021-07-26,92649,12952,10056,17006,0,30992
2021-07-27,92545,12953,10069,17011,0,31000
2021-07-28,92516,12953,10067,17027,0,31004
2021-07-29,92560,12964,10062,17027,0,31054
2021-07-30,92600,12965,10056,17029,0,31075
2021-07-31,92618,12967,10051,17035,0,31110
2021-08-01,92624,12963,10048,17029,0,31099
2021-08-02,92628,12961,10047,17027,0,31110
2021-08-03,92660,12960,10051,17025,0,31119
2021-08-04,92700,12964,10056,17027,0,31123
2021-08-05,92721,12966,10067,17032,0,31123
2021-08-06,92733,12967,10067,17048,0,31137
2021-08-07,92746,12966,10070,17048,0,31145
2021-08-08,92717,12963,10065,17043,0,31140
2021-08-09,92707,12961,10064,17041,0,31165
2021-08-10,92776,12960,10068,17045,0,31208
2021-08-11,92810,12965,10073,17058,0,31207
2021-08-12,92859,12964,10073,17069,0,31195
2021-08-13,92885,12969,10074,17078,0,31210
2021-08-14,92912,12964,10073,17077,0,31241
2021-08-15,92894,12958,10065,17065,0,31223
2021-08-16,92875,12956,10066,17061,0,31216
2021-08-17,92946,12954,10064,17080,0,31223
2021-08-18,92981,12955,10059,17081,0,31300
2021-08-19,93012,12958,10064,17075,0,31289
2021-08-20,93030,13258,10067,17078,0,31270
2021-08-21,93062,13346,10066,17086,0,31267
2021-08-22,93009,13345,10060,17066,0,31266
2021-08-23,93007,13346,10055,17061,0,31237
2021-08-24,93089,13346,10053,17062,0,31258
2021-08-25,93152,13346,10061,17062,0,31274
2021-08-26,93190,13352,10059,17063,0,31264
2021-08-27,93213,13355,10091,17036,0,31256
2021-08-28,93226,13351,10095,17080,0,31260
2021-08-29,93228,13347,10090,17071,0,31251
2021-08-30,93227,13343,10094,17072,0,31254
2021-08-31,93303,13345,10092,17076,0,31667
2021-09-01,93358,13355,10092,17085,0,31714
2021-09-02,93392,13359,10098,17084,0,31715
2021-09-03,93447,13359,10097,17084,0,31708
2021-09-05,93417,13363,10083,17060,0,31719
2021-09-06,93398,13364,10079,17053,0,31717
2021-09-07,93466,13358,10075,17051,0,31764
2021-09-08,93513,13349,10081,17046,0,31788
2021-09-09,93541,13347,10089,17061,0,31828
2021-09-10,93582,13344,10094,17053,0,31799
2021-09-11,93598,13342,10102,17060,0,31807
2021-09-12,93566,13347,10098,17056,0,31797
2021-09-13,93551,13348,10096,17048,0,31795
2021-09-14,93609,13346,10106,17065,0,31795
2021-09-15,93691,13345,10096,17070,0,31834
2021-09-16,93716,13345,10102,17080,0,31826
2021-09-17,93752,13340,10110,17074,0,31834
2021-09-18,93786,13341,10115,17076,0,31835
2021-09-19,93751,13343,10107,17062,0,31826
2021-09-20,93738,13334,10113,17056,0,31839
2021-09-21,93761,13335,10118,17087,0,31847
2021-09-22,93803,13332,10120,17092,0,31871
2021-09-23,93878,13334,10111,17086,0,31883
2021-09-24,93926,13336,10112,17097,0,31865
2021-09-25,93956,13338,10124,17103,0,31861
2021-09-26,93936,13345,10119,17100,0,31832
2021-09-27,93898,13350,10117,17094,0,31823
2021-09-28,93943,13348,10115,17095,0,31856
2021-09-29,93999,13353,10114,17088,0,31847
2021-09-30,94017,13350,10117,17097,0,31872
2021-10-01,94074,13351,10122,17105,0,31916
2021-10-02,94105,13350,10116,17098,0,31906
2021-10-03,94053,13351,10107,17092,0,31888
2021-10-04,94046,13346,10104,17078,0,31890
2021-10-05,94081,13346,10120,17085,0,31902
2021-10-06,94118,13347,10127,17086,0,31901
2021-10-07,94128,13346,10115,17078,0,31896
2021-10-08,94169,13345,10108,17076,0,31913
2021-10-09,94179,13336,10124,17068,0,31909
2021-10-10,94138,13341,10111,17066,0,31887
2021-10-11,94113,13340,10119,17061,0,31898
2021-10-12,94166,13338,10124,17071,0,31930
2021-10-13,94236,13329,10123,17069,0,31926
2021-10-14,94267,13319,10133,17062,0,31929
2021-10-15,94306,13321,10139,17066,0,31922
2021-10-16,94345,13293,10134,17073,0,31969
2021-10-17,94344,13283,10134,17075,0,31958
2021-10-18,94349,13283,10131,17070,0,31954
2021-10-19,94399,13288,10136,17064,0,31962
2021-10-20,94453,13294,10148,17063,0,31968
2021-10-21,94488,13284,10167,17069,0,31958
2021-10-23,94547,13279,10180,17074,0,31973
2021-10-24,94538,13272,10177,17066,0,31959
2021-10-25,94538,13275,10178,17061,0,31955
2021-10-26,94609,13272,10181,17077,0,31950
2021-10-27,94646,13277,10182,17085,20012,11899
2021-10-28,94703,13271,10172,17096,20015,11897
2021-10-29,94746,13269,10180,17103,20014,11892
2021-10-30,94777,13266,10186,17106,20018,11883
2021-10-31,94768,13262,10173,17065,20017,11895
2021-11-01,94765,13262,10158,17060,20012,11926
2021-11-02,94785,13261,10155,17065,20019,11927
2021-11-03,94838,13269,10150,17069,20030,11917
2021-11-04,94892,13272,10160,17075,20023,11926
2021-11-05,94936,13275,10162,17088,20034,11929
2021-11-06,94952,13283,10169,17089,20026,11938
2021-11-07,94943,13279,10155,17082,20018,11926
2021-11-08,94958,13275,10150,17079,20017,11929
2021-11-09,95002,13275,10152,17083,20022,11938
2021-11-10,95008,13281,10161,17091,20019,11944
2021-11-11,95038,13275,10164,17108,20018,11950
2021-11-12,95079,13277,10176,17115,20020,11946
2021-11-13,95070,13277,10166,17113,20019,11955
2021-11-14,95051,13279,10154,17110,20016,11949
2021-11-15,95079,13271,10154,17096,20008,11954
2021-11-16,95134,13273,10162,17108,20012,11965
2021-11-17,95199,13275,10179,17110,20008,11985
2021-11-18,95221,13277,10177,17120,20041,12017
2021-11-19,95280,13264,10179,17123,20045,12027
2021-11-20,95303,13268,10191,17125,20050,12032
2021-11-21,95285,13269,10185,17104,20032,12034
2021-11-22,95268,13268,10180,17099,20021,12027
2021-11-23,95323,13262,10164,17091,20035,12041
2021-11-24,95379,13263,10151,17092,20024,12037
2021-11-25,95425,13263,10156,17096,20009,12042
2021-11-26,95434,13268,10146,17109,20003,12054
2021-11-27,95472,13267,10146,17102,19996,12051
2021-11-28,95453,13256,10148,17098,19998,12059
2021-12-01,95527,13264,10155,17118,19963,12109
2021-12-02,95564,13258,10150,17128,19940,12127
2021-12-03,95600,13243,10140,17137,19934,12152
2021-12-04,95633,13237,10146,17133,19924,12177
2021-12-05,95635,13239,10147,17124,19917,12186
2021-12-06,95654,13235,10152,17124,19911,12186
2021-12-07,95715,13243,10158,17128,19915,12195
2021-12-08,95718,13241,10171,17128,19906,12196
2021-12-09,95739,13206,10171,17134,19907,12247
2021-12-10,95787,13201,10169,17143,19902,12258
2021-12-11,95824,13199,10171,17145,19898,12247
2021-12-12,95811,13195,10163,17143,19885,12260
2021-12-13,95833,13191,10165,17136,19880,12262
2021-12-14,95889,13192,10166,17129,19888,12272
2021-12-15,95912,13196,10176,17130,19905,12286
2021-12-16,95942,13200,10179,17138,19903,12288
2021-12-17,95979,13110,10176,17145,19900,12383
2021-12-18,96004,13112,10171,17147,19902,12379
2021-12-19,95985,13109,10165,17144,19903,12373
2021-12-20,95965,13104,10168,17140,19899,12376
2021-12-21,95996,13101,10179,17151,19909,12400
2021-12-22,96030,13101,10178,17148,19908,12414
2021-12-23,96048,13112,10177,17150,19907,12418
2021-12-24,96051,13118,10169,17155,19904,12417
2021-12-25,96046,13118,10171,17161,19910,12417
2021-12-26,96056,13115,10174,17160,19907,12422
2021-12-27,96068,13114,10174,17162,19902,12419
2021-12-28,96083,13112,10176,17168,19894,12429
2021-12-29,96107,13115,10181,17160,19896,12436
2021-12-30,96149,13115,10179,17154,19883,12440
2021-12-31,96148,13119,10179,17158,19880,12457
2022-01-01,96168,13117,10176,17161,19877,12460
2022-01-02,96180,13114,10170,17154,19867,12497
2022-01-03,96187,13111,10182,17157,19871,12488
2022-01-04,96217,13104,10192,17156,19871,12490
2022-01-05,96259,13106,10193,17165,19875,12501
2022-01-07,96253,13098,10201,17148,19889,12499
2022-01-08,96253,13095,10200,17147,19886,12503
2022-01-09,96251,13083,10195,17138,19880,12497
2022-01-10,96268,13080,10198,17145,19882,12490
2022-01-11,96315,13089,10199,17143,19894,12493
2022-01-12,96354,13084,10204,17149,19891,12526
2022-01-13,96402,13071,10211,17156,19886,12534
2022-01-14,96405,13064,10217,17147,19895,12541
2022-01-15,96444,13066,10211,17148,19894,12563
2022-01-16,96416,13059,10200,17142,19886,12558
2022-01-17,96370,13057,10206,17140,19881,12551
2022-01-18,96432,13052,10200,17148,19883,12558
2022-01-19,96525,13045,10199,17149,19884,12580
2022-02-11,97318,13005,10256,17173,19890,12790
2022-02-12,97320,13001,10258,17165,19891,12806
2022-02-13,97302,13000,10246,17158,19882,12819
2022-02-14,97313,12991,10242,17165,19863,12819
2022-02-15,97365,12997,10245,17173,19860,12829
2022-02-16,97419,12993,10245,17183,19875,12851
2022-02-17,97429,12996,10235,17185,19897,12852
2022-02-18,97486,12994,10229,17186,19888,12872
2022-02-19,97501,12992,10223,17198,19881,12875
2022-02-20,97483,12995,10226,17206,19877,12876
2022-02-21,97472,12991,10221,17197,19886,12887
2022-02-22,97527,12999,10224,17212,19882,12906
2022-02-23,97558,13014,10220,17224,19875,12894
2022-02-24,97602,13014,10216,17238,19882,12886
2022-02-25,97631,13008,10211,17226,19880,12880
2022-02-26,97642,13000,10211,17227,19872,12858
2022-02-27,97616,12996,10208,17230,19865,12849
2022-02-28,97625,12998,10203,17222,19858,12848
2022-03-01,97642,12998,10200,17209,19854,12902
2022-03-02,97676,12997,10205,17211,19857,12897
2022-03-03,97672,13003,10210,17217,19818,12917
2022-03-04,97684,13006,10213,17218,19813,12879
2022-03-05,97709,13002,10207,17214,19800,12883
2022-03-06,97673,13000,10214,17208,19790,12897
2022-03-07,97665,12989,10209,17198,19786,12889
2022-03-08,97723,12992,10208,17219,19768,12893
2022-03-09,97751,13000,10213,17202,19773,12887
2022-03-10,97791,13000,10212,17200,19775,12899
2022-03-11,97807,12994,10201,17202,19780,12896
2022-03-12,97839,12988,10198,17201,19778,12899
2022-03-13,97799,12986,10202,17199,19770,12906
2022-03-14,97776,12985,10203,17184,19762,12820
2022-03-15,97810,12983,10215,17179,19754,12830
2022-03-16,97850,12982,10219,17173,19751,12827
2022-03-17,97874,12985,10224,17165,19744,12829
2022-03-18,97891,12984,10231,17151,19742,12830
2022-03-19,97916,12990,10228,17150,19738,12845
2022-03-20,97880,12988,10223,17140,19729,12835
2022-03-21,97900,12981,10222,17130,19721,12825
2022-03-22,97938,12972,10236,17135,19717,12854
2022-03-23,97968,12972,10230,17021,19701,12859
2022-03-24,97983,12969,10231,17025,19697,12869
2022-03-25,97993,12974,10343,17025,19685,12868
2022-03-26,98013,12984,10336,17008,19684,12873
2022-03-27,97993,12981,10329,17007,19674,12875
2022-03-28,97995,12978,10319,16999,19675,12872
2022-03-29,98023,12983,10326,16982,19679,12877
2022-03-30,98016,12982,10329,16994,19677,12873
2022-03-31,98038,12980,10330,16987,19672,12870
2022-04-01,98054,12982,10323,16972,19683,12886
2022-04-02,98126,12976,10321,16963,19677,12890
2022-04-03,98108,12979,10318,16964,19662,12900
2022-04-04,98118,12971,10318,16962,19653,12907
2022-04-05,98154,12969,10314,16953,19659,12922
2022-04-06,98195,12976,10321,16953,19657,12922
2022-04-07,98219,12975,10316,16953,19649,12932
2022-04-08,98241,12982,10321,16950,19652,12932
2022-04-09,98262,12973,10326,16950,19655,12947
2022-04-10,98252,12964,10327,16949,19644,12944
2022-04-11,98233,12956,10323,16940,19636,12972
2022-04-12,98276,12947,10331,16947,19616,13009
2022-04-13,98292,12952,10330,16949,19624,13028
2022-04-14,98326,12944,10326,16937,19630,13021
2022-04-15,98341,12947,10321,16931,19626,13023
2022-04-16,98328,12946,10321,16931,19630,13010
2022-04-17,98299,12944,10318,16932,19616,13009
2022-04-18,98270,12941,10316,16926,19606,13000
2022-04-19,98280,12931,10318,16933,19607,12999
2022-04-20,98298,12931,10323,16930,19617,12989
2022-04-21,98348,12935,10324,16940,19625,12994
2022-04-22,98355,12940,10323,16949,19623,13002
2022-04-23,98378,12941,10324,16946,19620,13018
2022-04-24,98350,12941,10315,16938,19617,13028
2022-04-25,98350,12933,10315,16949,19599,13035
2022-04-26,98417,12938,10317,16956,19614,13055
2022-04-27,98429,12942,10316,16948,19611,13069
2022-04-28,98469,12944,10315,16951,19618,13084
2022-04-29,98495,12941,10312,16952,19606,13083
2022-04-30,98485,12949,10308,16950,19596,13087
2022-05-01,98475,12951,10296,16936,19586,13167
2022-05-02,98474,12948,10299,16933,19586,13172
2022-05-03,98543,12947,10305,16930,19600,13169
2022-05-04,98536,12938,10308,16936,19603,13167
2022-05-05,98589,12939,10310,16931,19604,13172
2022-05-06,98609,12950,10306,16926,19606,13205
2022-05-07,98621,12943,10308,16914,19595,13208
2022-05-08,98615,12941,10298,16907,19588,13209
2022-05-09,98622,12946,10296,16908,19584,13213
2022-05-10,98674,12957,10304,16933,19579,13220
2022-05-11,98715,12959,10303,16931,19581,13203
2022-05-12,98748,12950,10303,16929,19571,13198
2022-05-13,98740,12952,10306,16932,19572,13195
2022-05-14,98747,12951,10301,16925,19574,13204
2022-05-15,98718,12931,10294,16923,19564,13237
2022-05-16,98698,12930,10285,16928,19549,13244
2022-05-17,98750,12940,10295,16930,19570,13249
2022-05-18,98548,12946,10309,16923,19564,13498
2022-05-19,98567,12948,10317,16932,19595,13550
2022-05-20,98591,12944,10339,16929,19602,13546
2022-05-21,98604,12945,10336,16925,19650,13556
2022-05-22,98570,12944,10333,16926,19635,13555
2022-05-23,98566,12939,10342,16927,19631,13553
2022-05-24,98638,12933,10348,16927,19620,13558
2022-05-25,98660,12932,10340,16935,19601,13562
2022-05-26,98687,12938,10342,16926,19598,13555
2022-05-27,98678,12942,10332,16929,19576,13556
2022-05-28,98691,12948,10335,16918,19571,13570
2022-05-29,98669,12942,10329,16908,19569,13568
2022-05-30,98664,12929,10320,16896,19572,13574
2022-05-31,98716,12938,10326,16912,19573,13598
2022-06-01,98741,12935,10328,16920,19555,13644
2022-06-02,98777,12933,10327,16935,19557,13641
2022-06-03,98801,12936,10329,16939,19560,13642
2022-06-04,98787,12928,10340,16939,19547,13648
2022-06-05,98771,12924,10331,16932,19533,13651
2022-06-06,98763,12920,10327,16930,19537,13650
2022-06-07,98832,12926,10322,16940,19546,13649
2022-06-08,98873,12935,10319,16951,19521,13665
2022-06-09,98920,12938,10313,16943,19518,13670
2022-06-10,98961,12943,10312,16951,19522,13686
2022-06-11,98974,12934,10304,16954,19525,13689
2022-06-12,98962,12920,10300,16957,19518,13685
2022-06-13,98949,12913,10301,16957,19514,13670
2022-06-14,99005,12917,10306,16961,19501,13690
2022-06-15,99058,12921,10316,16969,19510,13692
2022-06-16,99117,12916,10330,16963,19501,13690
2022-06-17,99148,12926,10337,16965,19501,13694
2022-06-18,99170,12926,10332,16970,19497,13706
2022-06-19,99129,12921,10323,16973,19486,13705
2022-06-20,99125,12913,10325,16974,19481,13703
2022-06-21,99174,12912,10331,16976,19486,13725
2022-06-22,99189,12921,10333,16994,19484,13733
2022-06-23,99223,12919,10331,16989,19493,13740
2022-06-24,99248,12921,10326,16974,19493,13773
2022-06-25,99259,12923,10318,16971,19488,13785
2022-06-26,99227,12923,10313,16966,19434,13796
2022-06-27,99212,12917,10305,16964,19427,13791
2022-06-28,99249,12925,10307,16956,19428,13808
2022-06-29,99294,12921,10311,16946,19429,13818
2022-06-30,99299,12919,10316,16941,19419,13830
2022-07-01,99309,12929,10322,16937,19422,13887
2022-07-02,99330,12925,10323,16941,19425,13882
2022-07-03,99294,12925,10325,16934,19426,13884
2022-07-04,99256,12916,10327,16938,19413,13884
2022-07-05,99285,12917,10328,16937,19374,13877
2022-07-06,99315,12919,10323,16937,19378,13875
2022-07-07,99341,12920,10322,16935,19372,13874
2022-07-08,99371,12930,10330,16934,19393,13891
2022-07-09,99371,12928,10337,16936,19388,13905
2022-07-10,99340,12925,10334,16932,19388,13905
2022-07-11,99353,12917,10334,16929,19361,13906
2022-07-12,99393,12921,10345,16926,19364,13915
2022-07-13,99424,12931,10348,16930,19364,13918
2022-07-14,99461,12926,10337,16934,19365,13910
2022-07-15,99470,12922,10341,16949,19352,13917
2022-07-16,99481,12913,10340,16945,19359,13918
2022-07-17,99466,12904,10341,16937,19356,13906
2022-07-18,99451,12896,10339,16936,19355,13905
2022-07-28,99659,12914,10351,16907,19354,13935
2022-07-29,99667,12912,10352,16930,19350,13927
2022-07-30,99705,12924,10360,16920,19313,13940
2022-07-31,99686,12925,10357,16913,19310,13934
2022-08-01,99648,12920,10355,16906,19302,13956
2022-08-02,99706,12926,10361,16907,19310,13960
2022-08-03,99740,12930,10365,16909,19316,13965
2022-08-04,99755,12927,10380,16924,19321,13968
2022-08-05,99754,12931,10383,16937,19323,13972
2022-08-06,99791,12935,10388,16934,19322,13969
2022-08-07,99770,12937,10382,16934,19314,13966
2022-08-08,99749,12929,10386,16940,19311,13972
2022-08-09,99806,12937,10399,16928,19288,13983
2022-08-10,99835,12945,10407,16932,19285,13987
2022-08-11,99873,12947,10411,16938,19286,13989
2022-08-12,99911,12950,10414,16932,19284,13995
2022-08-13,99910,12951,10413,16936,19278,13996
2022-08-14,99881,12947,10411,16931,19277,13993
2022-08-15,99863,12945,10415,16921,19279,13994
2022-08-16,99916,12945,10413,16938,19277,13994
2022-08-17,100000,12950,10411,16941,19261,13994
2022-08-18,100015,12945,10411,16947,19270,14007
2022-08-19,100037,12947,10409,16949,19272,14014
2022-08-20,100044,12951,10416,16953,19281,14019
2022-08-21,100003,12954,10411,16951,19281,14021
